{
    "name": "root",
    "gauges": {
        "MoveToGoal.Policy.Entropy.mean": {
            "value": 0.15504789352416992,
            "min": 0.15504789352416992,
            "max": 1.089120626449585,
            "count": 32
        },
        "MoveToGoal.Policy.Entropy.sum": {
            "value": 7739.9912109375,
            "min": 7739.9912109375,
            "max": 55087.72265625,
            "count": 32
        },
        "MoveToGoal.Step.mean": {
            "value": 1599991.0,
            "min": 49950.0,
            "max": 1599991.0,
            "count": 32
        },
        "MoveToGoal.Step.sum": {
            "value": 1599991.0,
            "min": 49950.0,
            "max": 1599991.0,
            "count": 32
        },
        "MoveToGoal.Policy.ExtrinsicValueEstimate.mean": {
            "value": 25.565927505493164,
            "min": -59.7802734375,
            "max": 46.51079177856445,
            "count": 32
        },
        "MoveToGoal.Policy.ExtrinsicValueEstimate.sum": {
            "value": 20222.6484375,
            "min": -47824.21875,
            "max": 36836.546875,
            "count": 32
        },
        "MoveToGoal.Environment.EpisodeLength.mean": {
            "value": 2163.5714285714284,
            "min": 428.75,
            "max": 3184.0625,
            "count": 32
        },
        "MoveToGoal.Environment.EpisodeLength.sum": {
            "value": 45435.0,
            "min": 30870.0,
            "max": 61909.0,
            "count": 32
        },
        "MoveToGoal.Environment.CumulativeReward.mean": {
            "value": 380.3333333333333,
            "min": -1204.7857142857142,
            "max": 2016.1764705882354,
            "count": 32
        },
        "MoveToGoal.Environment.CumulativeReward.sum": {
            "value": 7987.0,
            "min": -85540.0,
            "max": 34275.0,
            "count": 32
        },
        "MoveToGoal.Policy.ExtrinsicReward.mean": {
            "value": 380.3333333333333,
            "min": -1204.7857142857142,
            "max": 2016.1764705882354,
            "count": 32
        },
        "MoveToGoal.Policy.ExtrinsicReward.sum": {
            "value": 7987.0,
            "min": -85540.0,
            "max": 34275.0,
            "count": 32
        },
        "MoveToGoal.Losses.PolicyLoss.mean": {
            "value": 0.02357572588603944,
            "min": 0.021628192965096483,
            "max": 0.026839186777360736,
            "count": 32
        },
        "MoveToGoal.Losses.PolicyLoss.sum": {
            "value": 0.1178786294301972,
            "min": 0.08718617882890005,
            "max": 0.13419593388680368,
            "count": 32
        },
        "MoveToGoal.Losses.ValueLoss.mean": {
            "value": 2513.3106693522136,
            "min": 1858.4043919881187,
            "max": 12389.666381835938,
            "count": 32
        },
        "MoveToGoal.Losses.ValueLoss.sum": {
            "value": 12566.553346761068,
            "min": 7433.617567952475,
            "max": 49558.66552734375,
            "count": 32
        },
        "MoveToGoal.Policy.LearningRate.mean": {
            "value": 0.00011132449489185598,
            "min": 0.00011132449489185598,
            "max": 0.00029690829103057,
            "count": 32
        },
        "MoveToGoal.Policy.LearningRate.sum": {
            "value": 0.0005566224744592799,
            "min": 0.00049219235593596,
            "max": 0.0014567976144008,
            "count": 32
        },
        "MoveToGoal.Policy.Epsilon.mean": {
            "value": 0.13710814400000002,
            "min": 0.13710814400000002,
            "max": 0.19896943,
            "count": 32
        },
        "MoveToGoal.Policy.Epsilon.sum": {
            "value": 0.6855407200000001,
            "min": 0.5640640400000001,
            "max": 0.9855992000000003,
            "count": 32
        },
        "MoveToGoal.Policy.Beta.mean": {
            "value": 0.0018616963856,
            "min": 0.0018616963856,
            "max": 0.004948574557,
            "count": 32
        },
        "MoveToGoal.Policy.Beta.sum": {
            "value": 0.009308481928,
            "min": 0.008226795596000001,
            "max": 0.024281400079999998,
            "count": 32
        },
        "MoveToGoal.IsTraining.mean": {
            "value": 1.0,
            "min": 1.0,
            "max": 1.0,
            "count": 32
        },
        "MoveToGoal.IsTraining.sum": {
            "value": 1.0,
            "min": 1.0,
            "max": 1.0,
            "count": 32
        }
    },
    "metadata": {
        "timer_format_version": "0.1.0",
        "start_time_seconds": "1700649060",
        "python_version": "3.8.18 (default, Sep 11 2023, 13:39:12) [MSC v.1916 64 bit (AMD64)]",
        "command_line_arguments": "C:\\Users\\Dario\\anaconda3\\envs\\mlagents\\Scripts\\mlagents-learn config/configuration.yaml --run-id=TestAddestramento22NovembreRidotto",
        "mlagents_version": "0.30.0",
        "mlagents_envs_version": "0.30.0",
        "communication_protocol_version": "1.5.0",
        "pytorch_version": "1.7.1+cu110",
        "numpy_version": "1.21.2",
        "end_time_seconds": "1700650462"
    },
    "total": 1402.1502613999999,
    "count": 1,
    "self": 0.007367499999872962,
    "children": {
        "run_training.setup": {
            "total": 0.08698929999999994,
            "count": 1,
            "self": 0.08698929999999994
        },
        "TrainerController.start_learning": {
            "total": 1402.0559046,
            "count": 1,
            "self": 1.8032075999783501,
            "children": {
                "TrainerController._reset_env": {
                    "total": 9.577928400000001,
                    "count": 1,
                    "self": 9.577928400000001
                },
                "TrainerController.advance": {
                    "total": 1390.6284527000216,
                    "count": 80502,
                    "self": 1.5131708999856528,
                    "children": {
                        "env_step": {
                            "total": 942.7231771000271,
                            "count": 80502,
                            "self": 661.9608754000187,
                            "children": {
                                "SubprocessEnvManager._take_step": {
                                    "total": 279.64275349998604,
                                    "count": 80502,
                                    "self": 5.254815799985522,
                                    "children": {
                                        "TorchPolicy.evaluate": {
                                            "total": 274.3879377000005,
                                            "count": 80502,
                                            "self": 274.3879377000005
                                        }
                                    }
                                },
                                "workers": {
                                    "total": 1.1195482000223862,
                                    "count": 80501,
                                    "self": 0.0,
                                    "children": {
                                        "worker_root": {
                                            "total": 1391.7781529999907,
                                            "count": 80501,
                                            "is_parallel": true,
                                            "self": 847.4470506999952,
                                            "children": {
                                                "steps_from_proto": {
                                                    "total": 0.0005524999999995117,
                                                    "count": 1,
                                                    "is_parallel": true,
                                                    "self": 0.00022039999999901028,