{"count":1,"self":334.5369088,"total":3277.6698284999998,"children":{"InitializeActuators":{"count":40,"self":0.0019995,"total":0.0019995,"children":null},"InitializeSensors":{"count":40,"self":0.0019996,"total":0.0019996,"children":null},"AgentSendState":{"count":200034,"self":486.6262016,"total":528.46643369999993,"children":{"CollectObservations":{"count":4000680,"self":2.1822581999999997,"total":2.1822581999999997,"children":null},"WriteActionMask":{"count":4000680,"self":2.0051832,"total":2.0051833,"children":null},"RequestDecision":{"count":4000680,"self":6.5737679999999994,"total":37.652791,"children":{"AgentInfo.ToProto":{"count":4000680,"self":5.8668304,"total":31.0790229,"children":{"GenerateSensorData":{"count":4000680,"self":17.8375904,"total":25.212192599999998,"children":{"RayPerceptionSensor.Perceive":{"count":4000680,"self":7.3746016,"total":7.3746016999999995,"children":null}}}}}}}}},"DecideAction":{"count":200034,"self":2405.5402495999997,"total":2405.5403231,"children":null},"AgentAct":{"count":200034,"self":9.0736768,"total":9.0736768999999988,"children":null},"AgentInfo.ToProto":{"count":2417,"self":0.0175315,"total":0.0484823,"children":{"GenerateSensorData":{"count":2417,"self":0.0210115,"total":0.030950799999999997,"children":{"RayPerceptionSensor.Perceive":{"count":2417,"self":0.0099393,"total":0.0099393,"children":null}}}}}},"gauges":{"MoveToGoal.CumulativeReward":{"count":2417,"max":2256,"min":-3895,"runningAverage":618.7849,"value":-721,"weightedAverage":987.2497}},"metadata":{"timer_format_version":"0.1.0","start_time_seconds":"1701871414","unity_version":"2022.3.10f1","command_line_arguments":"C:\\Program Files\\Unity\\Hub\\Editor\\2022.3.10f1\\Editor\\Unity.exe -projectpath C:\\Users\\19vie\\mlagents-bike -useHub -hubIPC -cloudEnvironment production","communication_protocol_version":"1.5.0","com.unity.ml-agents_version":"2.3.0-exp.3","scene_name":"CalamitiesPeoplePuddleHoles","end_time_seconds":"1701874692"}}