{"count":1,"self":311.4919936,"total":3370.7723016,"children":{"InitializeActuators":{"count":40,"self":0.0020096,"total":0.0020096,"children":null},"InitializeSensors":{"count":40,"self":0.0020047999999999997,"total":0.0020047999999999997,"children":null},"AgentSendState":{"count":200034,"self":577.5497216,"total":631.5907806,"children":{"CollectObservations":{"count":4000680,"self":2.4924442,"total":2.4924442,"children":null},"WriteActionMask":{"count":4000680,"self":2.3388747999999997,"total":2.3388747999999997,"children":null},"RequestDecision":{"count":4000680,"self":8.4146112,"total":49.209730199999996,"children":{"AgentInfo.ToProto":{"count":4000680,"self":7.7018936,"total":40.795118599999995,"children":{"GenerateSensorData":{"count":4000680,"self":25.3700688,"total":33.0932253,"children":{"RayPerceptionSensor.Perceive":{"count":4000680,"self":7.7231568,"total":7.7231571999999993,"children":null}}}}}}}}},"DecideAction":{"count":200034,"self":2418.9747199999997,"total":2418.9746473,"children":null},"AgentAct":{"count":200034,"self":8.6549328,"total":8.6549332,"children":null},"AgentInfo.ToProto":{"count":2473,"self":0.0145767,"total":0.0543779,"children":{"GenerateSensorData":{"count":2473,"self":0.034145499999999995,"total":0.039801199999999995,"children":{"RayPerceptionSensor.Perceive":{"count":2473,"self":0.0056557,"total":0.0056557,"children":null}}}}}},"gauges":{"MoveToGoal.CumulativeReward":{"count":2473,"max":2306,"min":-3635,"runningAverage":74.45923,"value":-19,"weightedAverage":957.072754}},"metadata":{"timer_format_version":"0.1.0","start_time_seconds":"1702318992","unity_version":"2022.3.12f1","command_line_arguments":"C:\\Program Files\\Unity\\Hub\\Editor\\2022.3.12f1\\Editor\\Unity.exe -projectpath C:\\Users\\carmi\\Desktop\\mlagents-bike -useHub -hubIPC -cloudEnvironment production","communication_protocol_version":"1.5.0","com.unity.ml-agents_version":"2.3.0-exp.3","scene_name":"CalamitiesPeoplePuddleRandomHoles","end_time_seconds":"1702322362"}}