{"count":1,"self":306.7486976,"total":3019.5391234999997,"children":{"InitializeActuators":{"count":40,"self":0.0025053,"total":0.0025053,"children":null},"InitializeSensors":{"count":40,"self":0.0021704999999999997,"total":0.0021704999999999997,"children":null},"AgentSendState":{"count":152684,"self":414.5996032,"total":448.2508193,"children":{"CollectObservations":{"count":3053680,"self":1.565786,"total":1.565786,"children":null},"WriteActionMask":{"count":3053680,"self":1.6684835,"total":1.6684835,"children":null},"RequestDecision":{"count":3053680,"self":5.326382,"total":30.4169345,"children":{"AgentInfo.ToProto":{"count":3053680,"self":4.6400679999999994,"total":25.0905524,"children":{"GenerateSensorData":{"count":3053680,"self":14.994086399999999,"total":20.4504843,"children":{"RayPerceptionSensor.Perceive":{"count":3053680,"self":5.4563983999999994,"total":5.4563983999999994,"children":null}}}}}}}}},"DecideAction":{"count":152684,"self":2255.650816,"total":2255.6507529,"children":null},"AgentAct":{"count":152684,"self":8.8448631999999989,"total":8.8448634,"children":null},"AgentInfo.ToProto":{"count":1850,"self":0.0140006,"total":0.037806599999999996,"children":{"GenerateSensorData":{"count":1850,"self":0.019813499999999998,"total":0.023805999999999997,"children":{"RayPerceptionSensor.Perceive":{"count":1850,"self":0.0039924999999999995,"total":0.0039924999999999995,"children":null}}}}}},"gauges":{"MoveToGoal.CumulativeReward":{"count":1850,"max":2174,"min":-3089,"runningAverage":100.567543,"value":2096,"weightedAverage":815.993164}},"metadata":{"timer_format_version":"0.1.0","start_time_seconds":"1702215928","unity_version":"2022.3.10f1","command_line_arguments":"C:\\Program Files\\Unity\\Hub\\Editor\\2022.3.10f1\\Editor\\Unity.exe -projectpath C:\\Users\\Dario\\mlagents-bike -useHub -hubIPC -cloudEnvironment production","communication_protocol_version":"1.5.0","com.unity.ml-agents_version":"2.3.0-exp.3","scene_name":"CalamitiesPeoplePuddleRandomHoles","end_time_seconds":"1702218948"}}