{"count":1,"self":133.9208448,"total":1939.2284974,"children":{"InitializeActuators":{"count":20,"self":0.0015049,"total":0.0015049,"children":null},"InitializeSensors":{"count":20,"self":0.0013448,"total":0.0013448,"children":null},"AgentSendState":{"count":125034,"self":205.17102079999998,"total":227.4744848,"children":{"CollectObservations":{"count":2500680,"self":1.1052613,"total":1.1052613,"children":null},"WriteActionMask":{"count":2500680,"self":1.1623192,"total":1.1623192,"children":null},"RequestDecision":{"count":2500680,"self":3.6852967999999997,"total":20.0358785,"children":{"AgentInfo.ToProto":{"count":2500680,"self":3.2919435999999997,"total":16.350581599999998,"children":{"GenerateSensorData":{"count":2500680,"self":9.0517495999999991,"total":13.058638,"children":{"RayPerceptionSensor.Perceive":{"count":2500680,"self":4.0068884,"total":4.0068883,"children":null}}}}}}}}},"DecideAction":{"count":125034,"self":1572.5328384,"total":1572.5328167,"children":null},"AgentAct":{"count":125034,"self":5.2761467999999994,"total":5.2761467999999994,"children":null},"AgentInfo.ToProto":{"count":1366,"self":0.0089179999999999988,"total":0.0213602,"children":{"GenerateSensorData":{"count":1366,"self":0.008994499999999999,"total":0.012442199999999999,"children":{"RayPerceptionSensor.Perceive":{"count":1366,"self":0.0034476999999999997,"total":0.0034476999999999997,"children":null}}}}}},"gauges":{"MoveToGoal.CumulativeReward":{"count":1366,"max":6220,"min":-3462,"runningAverage":1343.23779,"value":838,"weightedAverage":1513.7771}},"metadata":{"timer_format_version":"0.1.0","start_time_seconds":"1700574099","unity_version":"2022.3.10f1","command_line_arguments":"C:\\Program Files\\Unity\\Hub\\Editor\\2022.3.10f1\\Editor\\Unity.exe -projectpath C:\\Users\\Dario\\mlagents-bike -useHub -hubIPC -cloudEnvironment production","communication_protocol_version":"1.5.0","com.unity.ml-agents_version":"2.3.0-exp.3","scene_name":"SampleScene","end_time_seconds":"1700576038"}}