{
    "name": "root",
    "metadata": {
        "timer_format_version": "0.1.0",
        "start_time_seconds": "1700240668",
        "python_version": "3.8.18 (default, Sep 11 2023, 13:39:12) [MSC v.1916 64 bit (AMD64)]",
        "command_line_arguments": "\\\\?\\C:\\Users\\carmi\\miniconda3\\envs\\ml_agents\\Scripts\\mlagents-learn --run-id=test1",
        "mlagents_version": "0.30.0",
        "mlagents_envs_version": "0.30.0",
        "communication_protocol_version": "1.5.0",
        "pytorch_version": "1.7.1+cu110",
        "numpy_version": "1.21.2",
        "end_time_seconds": "1700240734"
    },
    "total": 65.6750737,
    "count": 1,
    "self": 0.005965699999990193,
    "children": {
        "run_training.setup": {
            "total": 0.02051549999999991,
            "count": 1,
            "self": 0.02051549999999991
        },
        "TrainerController.start_learning": {
            "total": 65.6485925,
            "count": 1,
            "self": 0.13527490000012676,
            "children": {
                "TrainerController._reset_env": {
                    "total": 7.8808723,
                    "count": 1,
                    "self": 7.8808723
                },
                "TrainerController.advance": {
                    "total": 57.54630369999989,
                    "count": 6771,
                    "self": 0.12336609999999837,
                    "children": {
                        "env_step": {
                            "total": 56.71940620000004,
                            "count": 6771,
                            "self": 29.700753500000072,
                            "children": {
                                "SubprocessEnvManager._take_step": {
                                    "total": 26.936852300000048,
                                    "count": 6771,
                                    "self": 0.34999339999992074,
                                    "children": {
                                        "TorchPolicy.evaluate": {
                                            "total": 26.586858900000127,
                                            "count": 6771,
                                            "self": 26.586858900000127
                                        }
                                    }
                                },
                                "workers": {
                                    "total": 0.08180039999991706,
                                    "count": 6770,
                                    "self": 0.0,
                                    "children": {
                                        "worker_root": {
                                            "total": 58.74850470000007,
                                            "count": 6770,
                                            "is_parallel": true,
                                            "self": 34.37777140000002,
                                            "children": {
                                                "steps_from_proto": {
                                                    "total": 0.0003133000000001829,
                                                    "count": 1,
                                                    "is_parallel": true,
                                                    "self": 0.00017159999999982745,
                                                    "children": {
                                                        "_process_rank_one_or_two_observation": {
                                                            "total": 0.00014170000000035543,
                                                            "count": 2,
                                                            "is_parallel": true,
                                                            "self": 0.00014170000000035543
                                                        }
                                                    }
                                                },
                                                "UnityEnvironment.step": {
                                                    "total": 24.370420000000045,
                                                    "count": 6770,
                                                    "is_parallel": true,
                                                    "self": 0.47226530000000366,
                                                    "children": {
                                                        "UnityEnvironment._generate_step_input": {
                                                            "total": 0.41450600000001714,
                                                            "count": 6770,
                                                            "is_parallel": true,
                                                            "self": 0.41450600000001714
                                                        },
                                                        "communicator.exchange": {
                                                            "total": 21.948758099999885,
                                                            "count": 6770,
                                                            "is_parallel": true,
                                                            "self": 21.948758099999885
                                                        },
                                                        "steps_from_proto": {
                                                            "total": 1.5348906000001374,
                                                            "count": 6770,
                                                            "is_parallel": true,
                                                            "self": 0.9173080999996319,
                                                            "children": {
                                                                "_process_rank_one_or_two_observation": {
                                                                    "total": 0.6175825000005055,
                                                                    "count": 13540,
                                                                    "is_parallel": true,
                                                                    "self": 0.6175825000005055
                                                                }
                                                            }
                                                        }
                                                    }
                                                }
                                            }
                                        }
                                    }
                                }
                            }
                        },
                        "trainer_advance": {
                            "total": 0.7035313999998518,
                            "count": 6770,
                            "self": 0.16593899999995187,
                            "children": {
                                "process_trajectory": {
                                    "total": 0.5375923999998999,
                                    "count": 6770,
                                    "self": 0.5375923999998999
                                }
                            }
                        }
                    }
                },
                "trainer_threads": {
                    "total": 9.999999974752427e-07,
                    "count": 1,
                    "self": 9.999999974752427e-07
                },
                "TrainerController._save_models": {
                    "total": 0.08614059999999313,
                    "count": 1,
                    "self": 0.0060936999999938735,