{
    "name": "root",
    "metadata": {
        "timer_format_version": "0.1.0",
        "start_time_seconds": "1700298174",
        "python_version": "3.8.18 (default, Sep 11 2023, 13:39:12) [MSC v.1916 64 bit (AMD64)]",
        "command_line_arguments": "\\\\?\\C:\\Users\\19vie\\miniconda3\\envs\\mlagents\\Scripts\\mlagents-learn --force",
        "mlagents_version": "0.30.0",
        "mlagents_envs_version": "0.30.0",
        "communication_protocol_version": "1.5.0",
        "pytorch_version": "1.7.1+cu110",
        "numpy_version": "1.21.2",
        "end_time_seconds": "1700298278"
    },
    "total": 104.1484715,
    "count": 1,
    "self": 0.004595900000012421,
    "children": {
        "run_training.setup": {
            "total": 0.018586800000000014,
            "count": 1,
            "self": 0.018586800000000014
        },
        "TrainerController.start_learning": {
            "total": 104.12528879999999,
            "count": 1,
            "self": 0.08167579999984298,
            "children": {
                "TrainerController._reset_env": {
                    "total": 5.752264,
                    "count": 1,
                    "self": 5.752264
                },
                "TrainerController.advance": {
                    "total": 98.21230310000016,
                    "count": 5213,
                    "self": 0.08103660000034552,
                    "children": {
                        "env_step": {
                            "total": 90.6128568999999,
                            "count": 5213,
                            "self": 73.6669758999995,
                            "children": {
                                "SubprocessEnvManager._take_step": {
                                    "total": 16.894987199999843,
                                    "count": 5215,
                                    "self": 0.2153250999997276,
                                    "children": {
                                        "TorchPolicy.evaluate": {
                                            "total": 16.679662100000115,
                                            "count": 4895,
                                            "self": 16.679662100000115
                                        }
                                    }
                                },
                                "workers": {
                                    "total": 0.050893800000562095,
                                    "count": 5212,
                                    "self": 0.0,
                                    "children": {
                                        "worker_root": {
                                            "total": 59.894266900000034,
                                            "count": 5212,
                                            "is_parallel": true,
                                            "self": 29.74925099999983,
                                            "children": {
                                                "steps_from_proto": {
                                                    "total": 0.0010355000000057402,
                                                    "count": 3,
                                                    "is_parallel": true,
                                                    "self": 0.0005383000000076521,
                                                    "children": {
                                                        "_process_rank_one_or_two_observation": {
                                                            "total": 0.0004971999999980881,
                                                            "count": 6,
                                                            "is_parallel": true,
                                                            "self": 0.0004971999999980881
                                                        }
                                                    }
                                                },
                                                "UnityEnvironment.step": {
                                                    "total": 30.1439804000002,
                                                    "count": 5212,
                                                    "is_parallel": true,
                                                    "self": 0.3512515000002523,
                                                    "children": {
                                                        "UnityEnvironment._generate_step_input": {
                                                            "total": 0.45213109999975654,
                                                            "count": 5212,
                                                            "is_parallel": true,
                                                            "self": 0.45213109999975654
                                                        },
                                                        "communicator.exchange": {
                                                            "total": 28.275865900000007,
                                                            "count": 5212,
                                                            "is_parallel": true,
                                                            "self": 28.275865900000007
                                                        },
                                                        "steps_from_proto": {
                                                            "total": 1.0647319000001838,
                                                            "count": 5212,
                                                            "is_parallel": true,
                                                            "self": 0.5897420000006459,
                                                            "children": {
                                                                "_process_rank_one_or_two_observation": {
                                                                    "total": 0.4749898999995379,
                                                                    "count": 10424,
                                                                    "is_parallel": true,
                                                                    "self": 0.4749898999995379
                                                                }
                                                            }
                                                        }
                                                    }
                                                }
                                            }
                                        }
                                    }
                                }
                            }
                        },
                        "trainer_advance": {
                            "total": 7.51840959999991,
                            "count": 5212,
                            "self": 0.09884200000025523,
                            "children": {
                                "process_trajectory": {
                                    "total": 3.002412099999641,
                                    "count": 5212,
                                    "self": 3.002412099999641
                                },
                                "_update_policy": {
                                    "total": 4.417155500000014,
                                    "count": 3,
                                    "self": 3.3811368,
                                    "children": {
                                        "TorchPPOOptimizer.update": {
                                            "total": 1.0360187000000138,
                                            "count": 90,